{
  "slides/chapter_1_c57a30f043f834531721cdbb0add4d6f.md": [
    {
      "timing": 0,
      "state": {
        "indexh": 0,
        "indexf": -1
      }
    },
    {
      "timing": 0.34163857963895333,
      "state": {
        "indexh": 1,
        "indexf": -1
      }
    },
    {
      "timing": 0.6786620967686722,
      "state": {
        "indexh": 2,
        "indexf": -1
      }
    }
  ]
}